field,JB count,JB total,JB percent,Kuching count,Kuching total,Kuching percent,KL Bus count,KL Bus total,KL Bus percent,MRT Feeder count,MRT Feeder total,MRT Feeder percent,Melaka count,Melaka total,Melaka percent
stop_id,0,1309,0.00,0,666,0.00,0,1814,0.00,0,1665,0.00,0,418,0.00
current_status,0,1309,0.00,0,666,0.00,0,1814,0.00,0,1665,0.00,0,418,0.00
vehicle_id,1309,1309,100.00,666,666,100.00,1814,1814,100.00,1665,1665,100.00,418,418,100.00
vehicle_label,1309,1309,100.00,666,666,100.00,0,1814,0.00,0,1665,0.00,418,418,100.00
route_id,1309,1309,100.00,0,666,0.00,1814,1814,100.00,1665,1665,100.00,418,418,100.00
wheelchair_accessible,0,1309,0.00,0,666,0.00,0,1814,0.00,0,1665,0.00,0,418,0.00
direction_id,1309,1309,100.00,0,666,0.00,0,1814,0.00,0,1665,0.00,418,418,100.00
occupancy_percentage,0,1309,0.00,0,666,0.00,0,1814,0.00,0,1665,0.00,0,418,0.00
multi_carriage_details,0,1309,0.00,0,666,0.00,0,1814,0.00,0,1665,0.00,0,418,0.00
odometer,0,1309,0.00,0,666,0.00,0,1814,0.00,0,1665,0.00,0,418,0.00
schedule_relationship,0,1309,0.00,0,666,0.00,0,1814,0.00,0,1665,0.00,0,418,0.00
trip_id,1309,1309,100.00,624,666,93.69,1814,1814,100.00,1665,1665,100.00,418,418,100.00
speed,0,1309,0.00,0,666,0.00,1814,1814,100.00,1665,1665,100.00,0,418,0.00
license_plate,1309,1309,100.00,666,666,100.00,1814,1814,100.00,1665,1665,100.00,418,418,100.00
position,1309,1309,100.00,666,666,100.00,1814,1814,100.00,1665,1665,100.00,418,418,100.00
start_time,0,1309,0.00,0,666,0.00,1814,1814,100.00,0,1665,0.00,0,418,0.00
start_date,1309,1309,100.00,0,666,0.00,1814,1814,100.00,0,1665,0.00,418,418,100.00
latitude,1309,1309,100.00,666,666,100.00,1814,1814,100.00,1665,1665,100.00,418,418,100.00
current_stop_sequence,0,1309,0.00,0,666,0.00,0,1814,0.00,0,1665,0.00,0,418,0.00
bearing,0,1309,0.00,666,666,100.00,1814,1814,100.00,1665,1665,100.00,0,418,0.00
longitude,1309,1309,100.00,666,666,100.00,1814,1814,100.00,1665,1665,100.00,418,418,100.00
congestion_level,0,1309,0.00,0,666,0.00,0,1814,0.00,0,1665,0.00,0,418,0.00
vehicle_timestamp,1309,1309,100.00,666,666,100.00,1814,1814,100.00,1665,1665,100.00,418,418,100.00
occupancy_status,0,1309,0.00,0,666,0.00,0,1814,0.00,0,1665,0.00,0,418,0.00
